{"HandType":2,"LeftPalmDirection":0,"RightPalmDirection":1,"LeftFingersDist":[],"LeftFingersExtenison":[false,false,false,false,false],"RightFingersDist":[73.6956558,99.05048,103.9622,98.17586,87.58397,81.9427261,81.9427261,81.9427261,81.9427261,36.1944771,36.1944771,36.1944771,35.77462,35.77462,41.28431],"RightFingersExtenison":[true,false,false,false,false]}
