{"HandType":2,"LeftPalmDirection":0,"RightPalmDirection":6,"LeftFingersDist":[],"LeftFingersExtenison":[false,false,false,false,false],"RightFingersDist":[51.1288643,84.78355,31.50109,30.00709,58.54767,84.0135651,84.0135651,84.0135651,84.0135651,93.90719,93.90719,93.90719,14.3237572,14.3237572,52.6439362],"RightFingersExtenison":[false,false,false,false,false]}

