{"HandType":2,"LeftPalmDirection":0,"RightPalmDirection":3,"LeftFingersDist":[],"LeftFingersExtenison":[false,false,false,false,false],"RightFingersDist":[44.0446358,33.6485519,32.3777428,31.6784821,33.6346359,31.40693,31.40693,31.40693,31.40693,13.0431623,13.0431623,13.0431623,13.9185505,13.9185505,13.1070356],"RightFingersExtenison":[false,false,false,false,false]}
