{"HandType":2,"LeftPalmDirection":0,"RightPalmDirection":6,"LeftFingersDist":[],"LeftFingersExtenison":[false,false,false,false,false],"RightFingersDist":[44.197052,91.05566,95.36181,87.42552,65.28876,63.519268,63.519268,63.519268,63.519268,20.7984161,20.7984161,20.7984161,21.5545921,21.5545921,29.8999252],"RightFingersExtenison":[true,false,false,false,false]}
