{"HandType":2,"LeftPalmDirection":0,"RightPalmDirection":3,"LeftFingersDist":[],"LeftFingersExtenison":[false,false,false,false,false],"RightFingersDist":[86.17279,32.04696,27.662159,29.25204,34.5712128,64.04992,64.04992,64.04992,64.04992,16.1607418,16.1607418,16.1607418,15.313406,15.313406,27.5776863],"RightFingersExtenison":[true,false,false,false,false]}
