{"HandType":2,"LeftPalmDirection":0,"RightPalmDirection":2,"LeftFingersDist":[],"LeftFingersExtenison":[false,false,false,false,false],"RightFingersDist":[50.33665,89.86395,55.9225655,36.09457,36.5493622,72.27176,72.27176,72.27176,72.27176,68.0365,68.0365,68.0365,38.90541,38.90541,13.1990356],"RightFingersExtenison":[false,false,false,false,false]}
