{"HandType":2,"LeftPalmDirection":0,"RightPalmDirection":6,"LeftFingersDist":[],"LeftFingersExtenison":[false,false,false,false,false],"RightFingersDist":[45.92926,97.74278,100.032928,35.74592,38.0966568,95.02367,95.02367,95.02367,95.02367,51.8576622,51.8576622,51.8576622,106.885262,106.885262,15.124774],"RightFingersExtenison":[false,false,false,false,false]}
