{"HandType":2,"LeftPalmDirection":0,"RightPalmDirection":3,"LeftFingersDist":[],"LeftFingersExtenison":[false,false,false,false,false],"RightFingersDist":[48.2169456,34.6636353,29.8276978,31.9308319,32.9918251,36.9601479,36.9601479,36.9601479,36.9601479,17.1337013,17.1337013,17.1337013,14.8656816,14.8656816,10.87946],"RightFingersExtenison":[false,false,false,false,false]}
